DATE,equity_amer,equity_em,equity_eur,equity_pac,metals,commodities,crypto,volatilities,erc
2000-01-31,,,,,,,,,
2000-02-29,,,,,,,,,
2000-03-31,,,,,,,,,
2000-04-30,,,,,,,,,
2000-05-31,,,,,,,,,
2000-06-30,,,,,,,,,
2000-07-31,,,,,,,,,
2000-08-31,,,,,,,,,
2000-09-30,,,,,,,,,
2000-10-31,,,,,,,,,
2000-11-30,,,,,,,,,
2000-12-31,,,,,,,,,
2001-01-31,,,,,,,,,
2001-02-28,,,,,,,,,
2001-03-31,,,,,,,,,
2001-04-30,,,,,,,,,
2001-05-31,,,,,,,,,
2001-06-30,,,,,,,,,
2001-07-31,,,,,,,,,
2001-08-31,,,,,,,,,
2001-09-30,,,,,,,,,
2001-10-31,,,,,,,,,
2001-11-30,,,,,,,,,
2001-12-31,,,,,,,,,
2002-01-31,,,,,,,,,
2002-02-28,,,,,,,,,
2002-03-31,,,,,,,,,
2002-04-30,,,,,,,,,
2002-05-31,,,,,,,,,
2002-06-30,,,,,,,,,
2002-07-31,,,,,,,,,
2002-08-31,,,,,,,,,
2002-09-30,,,,,,,,,
2002-10-31,,,,,,,,,
2002-11-30,,,,,,,,,
2002-12-31,,,,,,,,,
2003-01-31,,,,,,,,,
2003-02-28,,,,,,,,,
2003-03-31,,,,,,,,,
2003-04-30,,,,,,,,,
2003-05-31,,,,,,,,,
2003-06-30,,,,,,,,,
2003-07-31,,,,,,,,,
2003-08-31,,,,,,,,,
2003-09-30,,,,,,,,,
2003-10-31,,,,,,,,,
2003-11-30,,,,,,,,,
2003-12-31,,,,,,,,,
2004-01-31,,,,,,,,,
2004-02-29,,,,,,,,,
2004-03-31,,,,,,,,,
2004-04-30,,,,,,,,,
2004-05-31,,,,,,,,,
2004-06-30,,,,,,,,,
2004-07-31,,,,,,,,,
2004-08-31,,,,,,,,,
2004-09-30,,,,,,,,,
2004-10-31,,,,,,,,,
2004-11-30,,,,,,,,,
2004-12-31,,,,,,,,,
2005-01-31,,,,,,,,,
2005-02-28,,,,,,,,,
2005-03-31,,,,,,,,,
2005-04-30,,,,,,,,,
2005-05-31,,,,,,,,,
2005-06-30,,,,,,,,,
2005-07-31,,,,,,,,,
2005-08-31,,,,,,,,,
2005-09-30,,,,,,,,,
2005-10-31,,,,,,,,,
2005-11-30,,,,,,,,,
2005-12-31,,,,,,,,,
2006-01-31,0.044921577617138796,0.08419326660670857,0.08019519138337786,0.06546771596592212,0.09733003661439578,0.05819282638546757,0,0.048861145791047556,0.05989522004550728
2006-02-28,0.021854386497688675,0.04167349320669067,0.04165014966874928,-0.003802876990984152,-0.012829621505048754,0.003194997202512291,0,-0.10158296623305796,-0.0009773540153543373
2006-03-31,0.04463211153066542,0.013577931796774663,0.046391964166517544,0.003170070157700021,0.07917189197080855,-0.04479339840766099,0,0.013933610365010382,0.020056562644848383
2006-04-30,0.020263767883520117,0.057501752093318995,0.06432945049472406,0.06376497929511447,0.0,0.0,0,0.0,0.026856580341859518
2006-05-31,-0.02384964007834899,-0.03840578456155201,-0.02404902590523019,-0.05014254179518543,0.18779921023787288,0.08202805232896059,0,0.27360749309275156,0.045483856256060766
2006-06-30,0.002225254484191328,-0.0024378597519784306,-0.015648062671952966,0.013696347498641594,-0.03725730856271551,0.01039150127625666,0,-0.10802873580140765,-0.019032786752313402
2006-07-31,-0.021167869946606205,0.01871023006293892,0.03925410968070896,-0.005022758929582342,0.025684851726176627,0.014045681671540262,0,0.09480981703955445,0.02118185202136916
2006-08-31,-0.00521800286734654,0.01895372744393922,0.033330803944291554,0.02728314095137912,-0.014577791466824695,0.006384311848231037,0,-0.15245905866954898,-0.011400414617669913
2006-09-30,0.006510591378466538,0.02668158004818496,0.04974114221,0.011624630830825662,0.0,0.0,0,0.0,0.012679582766363169
2006-10-31,0.02310635998682242,0.04370738587549306,0.04591139235633735,0.05059850212659225,-0.025506155235866503,0.05329199520808005,0,-0.04818377870020968,0.018914989267523583
2006-11-30,0.0034457629967238838,0.07243257038762502,0.047426135419599606,0.04359918740157052,0.026821426954914705,0.022190452941091787,0,0.006733087913676821,0.03002248085901181
2006-12-31,0.01638241907818458,0.05525242171848941,0.06666940924388684,0.06634859451846892,0.0,0.0,0,0.0,0.028272019527257483
2007-01-31,0.046202795931154735,0.014474902346592872,-0.003778667282541174,0.014186568926961083,-0.021450236137542714,-0.0047876301473835925,0,-0.05106358154115035,0.00900289573842562
2007-02-28,0.002647664436714601,0.010295650735992997,-0.030842330931509846,0.009075299543505616,0.020035428253654005,0.04160337948075704,0,0.2730368613249524,0.022974664533660295
2007-03-31,0.02121013522683375,0.03950229765084057,0.018992298132436188,0.025439535298836406,0.0,0.0,0,0.0,0.01667577382416186
2007-04-30,0.04002239566081419,0.08397924310189506,0.043688447147531846,0.037829304934339496,0.04940327387448585,0.03878149607883024,0,-0.11432158065615741,0.03624594646278113
2007-05-31,0.046376800171799105,0.1443449001221514,-0.0025439779425530545,0.0625932578412983,-0.026864681744361768,-0.010542068972236461,0,-0.045013516006722556,0.03355565488445433
2007-06-30,-0.009107499940940253,0.06501003941236709,-0.03859111248459547,0.022801731980604485,0.0,0.0,0,0.0,0.005888825440172749
2007-07-31,-0.017324952227747405,0.10982830884425651,-0.012700889502019187,0.03516170858290989,0.030453669850926863,0.0867119429212518,0,0.6646140623608635,0.06912240226310382
2007-08-31,0.059676787581291184,0.0042872338942491,-0.016800250805752277,-0.012087777464976064,-0.007500739002313898,0.026258124094814164,0,0.03689930484415593,0.017639727944073893
2007-09-30,0.07338484790835982,0.10789635908040754,-0.008773596366634351,0.09306018332730766,0.0,0.0,0,0.0,0.04795160432624625
2007-10-31,0.0766656957066736,0.12399876353436956,0.07961494366122086,0.008608084674906515,0.12741247292588578,0.05837047226501242,0,-0.16549412057145152,0.05616707526541652
2007-11-30,-0.09162135690321625,-0.0426060159638456,-0.045524436424371,-0.034610042193583476,-0.021287488380378864,0.006514611304923697,0,0.29130261553782294,-0.02323456707772567
2007-12-31,0.02966546106012608,0.1672558526905432,-0.01761930566363224,-0.017488331726731858,0.07128670073477814,0.045446263726580574,0,0.0017533918837210598,0.046240733793288816
2008-01-31,-0.05710435609779412,-0.049751318362762045,-0.05887526366602028,-0.07918473864248433,0.059651371443435956,-0.006072192715928603,0,0.06317349453266592,-0.032172012305286476
2008-02-29,-0.020716969328763768,0.026649586781172224,0.05814117772723936,0.05178859601457353,0.20438398071537184,0.06521817693957489,0,-0.034505608952398216,0.05124976131903299
2008-03-31,0.011616210477228137,0.021706296360745732,-0.002300439176493643,-0.013136917685615196,-0.05371300304448973,-0.04080392657031071,0,-0.025736647062551753,-0.014948425919069098
2008-04-30,0.005698298103160753,0.013855201911068088,0.032730130623476184,-0.0052542180019638195,-0.024501456094305235,0.06829381396509654,0,-0.1460371866159144,0.006493802133973896
2008-05-31,0.07073686030429065,-0.03230993315175231,0.04917607016557048,0.07890737412213525,0.0,0.0,0,0.0,0.033182077108931604
2008-06-30,-0.04969423426779248,-0.08361575786131596,-0.03947192995794059,-0.06926745541014476,0.04136867418955824,0.11710808718285291,0,0.17106223979383087,-0.0024588746922309425
2008-07-31,0.0044225843584348385,-0.035651259493524164,-0.05329275142300966,-0.048963753289670744,-0.010224684789148392,-0.06147170099458151,0,-0.0581096882577687,-0.03735524069912743
2008-08-31,-0.0058353781638435945,-0.0583044601095907,-0.0648890526461101,-0.041832376905544186,0.0,0.0,0,0.0,-0.024597336548098148
2008-09-30,-0.08416032576887604,-0.13320560935991302,-0.13166368399484893,-0.16306283525675908,-0.2758092593959962,-0.10625310787617326,0,0.5272613014054037,-0.10189400156063193
2008-10-31,-0.1829579067704526,-0.2249847747019667,-0.21741653936953584,-0.2035250493589803,-0.14094817310227495,-0.16579702960779794,0,0.33460768642300653,-0.1329423572886113
2008-11-30,-0.03567007079495002,-0.04358175887235242,-0.05430963839166214,0.00017737760923731844,0.0,0.0,0,0.0,-0.017393573179093846
2008-12-31,0.009290237554985025,0.0049471554581103,0.033380288166758317,0.07231390254338312,0.08502935469508967,-0.05672302225799281,0,-0.26673247800361743,-0.027710850103029788
2009-01-31,-0.05522295299887497,-0.0397035390904773,-0.055351544866859746,-0.036061213059098964,0.0,0.0,0,0.0,-0.028542460924118274
2009-02-28,-0.10622355130857002,-0.006400626951118629,-0.0126350287776493,-0.0361596900808807,0.0,0.0,0,0.0,-0.028505774328927442
2009-03-31,0.06277455278457082,0.07804825342532018,0.020819122886591136,-0.029197879409064643,0.08153226917848082,-0.04081190267053219,0,-0.06033300245402112,0.013146178125838851
2009-04-30,0.06334030819654764,0.07167492373665484,0.010599731263394438,0.03868458228838707,-0.017077605089681425,0.01103084081599285,0,-0.09498427189561687,0.011834005222569796
2009-05-31,0.02732905226582017,0.07178823432208858,0.0953500896582628,0.04819624495091451,0.0,0.0,0,0.0,0.034440358048562554
2009-06-30,0.004501236566065163,0.016421936081531096,-0.00847514895442859,0.05518753949103499,0.04782648115631204,-0.011260025976834337,0,-0.09891793296530024,0.000982314023576087
2009-07-31,0.03904062224796407,0.05055399126097743,0.014423097959200616,0.03297362477328572,0.03821501662523254,0.008916646652502797,0,-0.0644482562517406,0.01975419670216189
2009-08-31,-0.021187020721429452,0.005046148885034996,0.0200438698679696,0.03027429656031485,0.006789661402988554,-0.060865254587037794,0,0.01131146058787531,-0.0018688746765578867
2009-09-30,0.03489551537433081,0.03377373802626535,0.04369471411408263,0.008461993292913908,0.05731428098096073,0.041592337369367155,0,-0.04634276011727741,0.027154421948240262
2009-10-31,-0.017221036237614677,0.021119485013822003,0.006592157271770485,-0.0168946476918729,0.0,0.0,0,0.0,-0.002221277433647416
2009-11-30,0.034832307477172225,0.02422372339428279,0.042650588399589795,0.033426155497218335,0.15985987553575087,0.057246697268342674,0,-0.01008312378187596,0.050013050176295426
2009-12-31,0.03510167633928749,0.011735342869522719,-0.006119965861432471,-0.02572023783501684,-0.04886492663201103,0.038238452526249876,0,-0.06278561911231578,-0.004990923338697259
2010-01-31,-0.04138540249912297,-0.027335922670588927,-0.011594434951493166,-0.018580682328052395,0.0,0.0,0,0.0,-0.01505353141748243
2010-02-28,0.046266273005540086,0.02606213046211274,-0.016509554813199354,0.044785992058457895,0.0,0.0,0,0.0,0.015208966583176472
2010-03-31,0.010610212239055998,0.05648019658829217,0.02701139527833466,0.05340356672955112,0.03591718559706244,0.0680064822701406,0,-0.12432193946352725,0.014844460317377906
2010-04-30,0.019084846564419864,0.021860857067026156,-0.027301009426074746,0.08461074167016303,0.03880205583742233,0.05124732352373258,0,0.22612440982266171,0.057234183723218576
2010-05-31,-0.07053019266548795,-0.048158779214940245,-0.07638669704538448,-0.012542491282880921,0.0,0.0,0,0.0,-0.029991356077381615
2010-06-30,-0.01792155474255672,0.04990073106387499,0.03707232099925783,-0.04318531417696998,0.005569071700438023,-0.08242316357745666,0,0.29210715165464435,0.03381863669635064
2010-07-31,0.021675871263793344,0.0862974392837066,0.00260833902920612,0.0258530360671545,0.0,0.0,0,0.0,0.017023306565795995
2010-08-31,0.008277299567886328,0.0433347361020627,-0.01048952357801326,0.032014604462567445,0.024736377428096024,0.09429242840095924,0,-0.16558319298694202,-0.0065711072514010906
2010-09-30,0.08712254079605315,0.09147725702687635,0.058340106841639476,0.04853290882435986,0.05786169003930415,0.007244828954031948,0,-0.07462088463259979,0.03631701974481615
2010-10-31,0.033166609882151026,0.010404208742612631,-0.05828084438082469,0.037802657112906084,0.0,0.0,0,0.0,0.005692404067820988
2010-11-30,0.006924694608519905,-0.039030022983175705,-0.08180218761764499,-0.015119432888306607,0.054770605678424095,0.04032172797240847,0,0.05849321411254324,0.004926265600122109
2010-12-31,0.03268870815419038,0.0768993761138154,0.11453277465718746,0.04065292586386077,0.05482994319063213,0.08024268386575867,0,-0.1377913409032163,0.03224048540839678
2011-01-31,0.0051273827183818494,-0.027830833704235884,0.00781684571688086,-0.00908215609013311,-0.04143857424870073,0.021326940159768527,0,0.014817091869233362,-0.0018798237766533671
2011-02-28,0.05355592336280488,0.027664383816007297,-0.013574358214043555,-0.032291610101998824,0.03810231424133551,-0.00691191687792375,0,-0.055036818042149424,0.0009907690587492527
2011-03-31,0.042197578929063694,0.08538369411493811,0.04329867481059898,0.033733189772975625,0.005685016613973428,0.08988498514981935,0,-0.024529996504712086,0.03923739069579146
2011-04-30,0.05201494167143516,0.03714321717181374,0.042352963025174196,0.023562565319075444,0.0,0.0,0,0.0,0.023358185193894578
2011-05-31,0.004226727939831145,-0.0030737738491405497,0.019013160247579916,0.02649964264195132,0.04953158243171081,-0.10359296317511438,0,-0.10796228891789818,-0.018064357789755067
2011-06-30,-0.002364087764762511,0.016812378703536905,-0.010340135034543342,0.02773498753374147,-0.019567079038140738,0.03776465892747494,0,0.06975565222059298,0.015338005780905533
2011-07-31,-0.014571705246043929,0.04960985572666914,-0.008598997794527333,0.04563146420227785,0.0,0.0,0,0.0,0.008338907260132653
2011-08-31,0.015136276898960183,-0.015202908954593301,-0.06648763951197452,-0.03282971998854243,0.16744260012756637,0.011298216265493788,0,0.5182417137594283,0.07228674134216878
2011-09-30,-0.03770716977769019,-0.08635976245274814,-0.08250805517239872,-0.03133957397436777,-0.1383387459672619,0.030899058446388142,0,0.26656513321986974,0.0023769779174062505
2011-10-31,0.041784394807079905,0.07962955234787317,0.08789995710533387,-0.003910486472655894,0.06994858143163465,-0.013181006771290192,0,-0.20896851825954507,-0.01572517323883608
2011-11-30,-0.012579977990435866,-0.03276697743996113,-0.013560130119160388,-0.003310625265523667,0.0021041659408954404,-0.0004302898174147484,0,-0.07212253177122807,-0.020818526034533335
2011-12-31,-0.008701669395972193,0.014535549995329888,-0.02673600825945951,0.011350080279011642,0.0,0.0,0,0.0,-0.001894935692730008
2012-01-31,0.03312271002307921,0.0768413313086312,-0.006145542560867726,0.01733648205916808,0.00765007377150545,0.016477566683063688,0,-0.2211805674336826,-0.01074505584722528
2012-02-29,0.052209905244300706,0.04071820352543785,0.04535720082666733,0.02563928528180147,-0.007751859641888819,0.02405090229614777,0,0.05225498030254458,0.03400058693726497
2012-03-31,0.029212403534294717,0.015955683333297114,0.04730459640737154,0.005917025970563836,0.0,0.0,0,0.0,0.015625170367446
2012-04-30,0.04318721265391622,0.008694396271468353,0.02444079407463159,0.001028657519119273,-0.03011201211682933,-0.05340852055382016,0,-0.1081777804302446,-0.009974418575489027
2012-05-31,-0.02272440251027212,-0.060913870696448796,-0.04779149981483564,-0.06966064387806055,-0.06667539705981781,-0.015962400721229696,0,0.2718037170867807,-0.014081794976301815
2012-06-30,0.03080421345043906,0.04069587707102315,0.07155524891158431,0.052410608474277934,0.0,0.0,0,0.0,0.030014510240219294
2012-07-31,-0.004602627338925182,0.059432206896195244,0.009714774574367974,0.004732993097542374,0.022957459571218242,0.10215058617767857,0,-0.14864770093550617,0.007324627008841723
2012-08-31,-0.030256857913831616,0.056205397675592184,0.043962864325298306,0.033046699143283946,0.04918116466069638,-0.033160399720714544,0,-0.053771302198130914,0.00760012187845196
2012-09-30,0.010511623508458757,0.03101140114776293,0.024006246177798805,0.02912825184179217,0.0,0.0,0,0.0,0.014661718786785405
2012-10-31,-0.05158997770626284,0.0009813106876910703,0.006692021536058765,-0.02803704151411556,0.015444240989230614,0.05096318187566001,0,0.025700843333057336,-0.001197787717381806
2012-11-30,0.03599844599149547,-0.027806892695200803,0.03129480850027484,0.01571564647381495,0.0083326503947288,-0.002092088123007358,0,-0.16749220251012018,-0.005198523632237157
2012-12-31,-0.015543733447734446,0.027692257294558195,0.033890511548139005,0.0010845166088928667,-0.01761569771539879,0.0004090721775437216,0,0.16683500101298007,0.018812650489308115
2013-01-31,0.025935108697006205,-0.03166269890339857,0.059746530771661525,0.03931514949634171,0.0014063481906438267,-0.006135481695299116,0,-0.1392519205581643,-0.003702989549047674
2013-02-28,0.0560981778617521,0.007427663082625557,-0.03841249983728945,0.041475610825593624,-0.044944958360211985,-0.010361071659726658,0,0.02712556313095217,0.006789753258066486
2013-03-31,0.05374451658477663,0.019019409512446853,0.018754416046431317,0.0506378642739911,0.0,0.0,0,0.0,0.023032566643175288
2013-04-30,0.02272246849930839,0.065571734151308,0.08686441206804141,0.053349128429658034,-0.0640863914691789,0.019777114552644776,0,-0.07662116421649076,0.019927328683248605
2013-05-31,-0.005487435423473619,0.021902897856921028,0.021632189518445137,-0.0597727313725956,-0.033162280182685716,-0.03569104482638295,0,0.21859276554739543,0.009307351819606846
2013-06-30,0.013500063512290801,-0.01995214789335784,-0.03879030848886268,-0.0072764824591003896,0.0,0.0,0,0.0,-0.007336299429782637
2013-07-31,0.04911354713001753,0.002301152468411526,0.05048702600514278,0.018507675500313354,-0.053441825482758255,-0.01952675459831992,0,-0.09009485161864676,0.0008885930775886421
2013-08-31,-0.02880731981587039,-0.056660156285047565,0.001391198082794523,-0.03185115280060169,0.0,0.0,0,0.0,-0.016846231645942032
2013-09-30,0.020240654851611174,0.013881895075248927,0.024920264807065773,0.050855066060405595,0.008982539628914427,0.025401037401895636,0,0.09215433337301143,0.03352751671898685
2013-10-31,0.04571806087475531,0.052477303009938026,0.09369204631142075,-0.005293440514763393,0.0006894318620518857,0.032701281419422426,0,-0.17890055318491482,0.011641764056892143
2013-11-30,0.020682369737128222,-0.03911142289390808,0.11225993068178278,-0.033248378433522886,0.0,0.0,0,0.0,0.015835866484980872
2013-12-31,0.012711873534565984,-0.006742737629009512,-0.016753251615764388,-0.01802393755836386,-0.07993627338230914,-0.0018037553419087624,0,0.06492005112862734,-0.005428889751778325
2014-01-31,-0.01165828264052473,-0.02691695223795612,0.04055572480021427,-0.013482870722969656,0.007715246539311208,0.03589259387139738,0.0,0.23868881525416852,0.04368482479327695
2014-02-28,0.061854335630507504,0.052889937639606956,0.048405684610533614,0.0027392291156565136,0.06219630434555086,0.08719813141331947,0.0,-0.18431144631436003,0.007713365025032268
2014-03-31,-0.032312546413760454,0.01712308308572504,-0.04213053132882406,0.02642863954618928,0.00451042864681125,0.002918722804439029,0.0,0.0019823361396645797,-0.004131684299073797
2014-04-30,0.006461402834545024,0.031200529760067947,-0.020988268455368768,-0.030078190991382515,0.026208705576877114,0.00018732163727028356,0.0,-0.04906743740193764,-0.006747286682765438
2014-05-31,-5.466656475259345e-06,-0.019346011663996934,0.025648258120168195,0.04284485150249903,0.0,0.0,0.0,0.0,0.0068745565615179844
2014-06-30,0.01018769605211648,0.008768317964596551,0.0032527573822615486,0.03571389247030164,0.02870443551379435,0.0221178767033266,0.0,-0.10751528367527803,-0.00045964991207451955
2014-07-31,-0.02986792537067553,-0.02277561742507946,-0.00983437902686621,0.02961140298480631,0.0018179895575936881,-0.011915306915960539,0.0,0.34618862732210376,0.0395909600307089
2014-08-31,0.05364384186654013,0.03128753443504079,-0.00881528311436698,0.01140753464386394,0.0,0.0,0.0,0.0,0.011920450500554559
2014-09-30,0.021691354575491012,-0.012273293393217307,-0.036630727925978775,0.007898246397737934,-0.08448287170570833,-0.023730029190851286,0.0,-0.004331232775657291,-0.016727600212958507
2014-10-31,0.05787712437787668,0.027549364571734056,0.02220523790303924,0.02900700151933762,-0.006619839758816986,0.03642545271242988,-0.06282948670759242,-0.036791595747745424,0.018266475092968262
2014-11-30,0.06418052289763827,-0.01656880342385274,-0.02568734366972618,-2.15668171058515e-05,0.0,0.0,0.054774436741957394,0.0,0.005335956386634337
2014-12-31,0.018013302124142254,-0.0038326567735875766,-0.00792516552906315,0.0034411884701841845,0.009866141941415397,-0.02553181040360232,-0.0756270388924183,0.17765781947007075,0.02776460725161049
2015-01-31,0.014167851818408034,0.01532569984391685,-0.058556183157831614,0.042687267865938634,0.0,0.0,-0.3208324475093356,0.0,-0.11938440556307763
2015-02-28,0.057259544054936676,0.0071420601328588745,0.04279820307088013,0.027081899305010593,0.0,0.0,0.16921712501845435,0.0,0.06394937710322213
2015-03-31,0.010581586779131806,0.006954324408171687,-0.050519690500283404,0.01587999659649206,-0.07140382160673646,-0.05401962817134204,-0.039482413503857464,-0.06142656446834495,-0.02989031771625498
2015-04-30,-0.007965284549420484,0.06446725308859504,0.05369351830176458,0.013629854137360314,0.05120072592114359,0.02472514588802632,-0.033079975561468876,-0.04589131058294423,0.004509338785424855
2015-05-31,0.02931652313195849,-0.0031276371151508437,0.011610091377605571,0.014477493209677757,0.0,0.0,-0.025217335650804723,0.0,-0.0016515354941482882
2015-06-30,-0.017682127739724333,-0.017801519025431697,0.012756142484754231,0.002956262563000151,-0.12293832943514652,-0.021561398499850566,0.14284583305618917,0.2035601270696976,0.04146187879073185
2015-07-31,0.0570230470550417,-0.020521645073743842,0.07991715223576275,0.008168054994322445,-0.08901240730134061,-0.057726348147045504,0.08202251870868751,-0.24001203415307912,0.009860595141910053
2015-08-31,-0.04249847455566075,-0.05993382153675804,-0.07558539176285185,-0.07131050521481429,-0.00965423225826634,-0.012860376087687196,-0.19179197133660952,0.6081620508901276,-0.06208948648437797
2015-09-30,-0.03596422639882924,-0.027196395857163703,-0.018189013578847175,0.023680049278449078,0.06966661911057852,-0.09570785585219604,0.026097741106087636,-0.10805814412647262,-0.013730451063059358
2015-10-31,-0.0115366562524433,0.039228772201869724,0.0516637304623914,0.09286377206418034,0.0,0.0,0.33087045618766925,0.0,0.12359675426833432
2015-11-30,0.0034127334052437355,-0.04637538326716485,0.022067407710023076,-0.016453928933116937,-0.15467907387353974,-0.00704907596500452,0.20102303194667773,-0.232010074645621,0.04365730532183697
2015-12-31,0.003987814255334294,-0.015710945094296453,-0.019227888898103913,0.05530583635137134,0.03068579920578093,0.017488010216290283,0.14111503862124739,0.06408441089310214,0.0714438568438775
2016-01-31,-0.004672260294277194,-0.042759746083838084,-0.06238960322314518,-0.06574563624211362,0.0,0.0,-0.14352383951774347,0.0,-0.03747080906079173
2016-02-29,0.012986749799399065,0.01852228083919034,-0.028694916502294707,-0.003655540048170374,-0.11626245204827479,-0.005910466857984188,0.1869083088125648,0.11494101016314094,0.013377696410419594
2016-03-31,0.03137104122659157,0.054993695033555716,0.08350105772038317,0.07046128426001463,0.1360976207804261,-0.002758136179987036,-0.04790269477504776,-0.20512738769812405,0.019511806419877334
2016-04-30,0.00794834866865994,-0.001671215354434971,-0.003920917957405123,0.02657613175128571,0.0,0.0,0.07579797437285045,0.0,0.012306105263453312
2016-05-31,0.007499061763141945,-0.002294177227096453,0.01603495234186992,0.031783517312005675,-0.027173409332519993,0.019563845862149876,0.1852784316418172,-0.02794742994098251,0.0249014460254004
2016-06-30,0.05440063704655684,0.0261144930521097,-0.10813721510999486,0.02405172604734751,0.09201282412425837,0.024102996229418014,0.2671217108664792,0.11729381561262743,0.0570752914231819
2016-07-31,0.030701555507853764,0.02553850043126381,0.08427302359070517,0.08010716618095587,0.0,0.0,-0.07225840048539149,0.0,0.018479323278698133
2016-08-31,-0.03616269553683859,0.020892765299674796,0.02853892357448723,-0.057496415317000886,0.11794697803795673,-0.10202840144109719,-0.07877172267497391,-0.09696480017691507,-0.029615811939912192
2016-09-30,-0.006632451893787993,-0.0003655097444887012,0.03669434704703448,0.02538002169037468,0.07746371593744095,-0.06329656312414993,0.05953653222239299,-0.020102005683214682,0.014265672204796263
2016-10-31,-0.028778649924119236,0.01883825842304057,-0.05643652974673963,-0.018946154543900452,-0.14302565967101843,0.03204686042634065,0.14962811382668673,0.16716283383665645,0.003349636667818163
2016-11-30,-0.04318744818323406,-0.0517246726766018,0.013820303315866459,-0.059278800573072596,0.24973683562796323,0.05775485174186449,0.06379356280201694,-0.04867780099558974,0.018563959551911324
2016-12-31,0.008973471584116141,-0.05726582593600189,0.0468314875775804,0.00151172672392606,0.0,0.0,0.2924068562445075,0.0,0.04614605882599603
2017-01-31,0.0187700335245055,0.011001328228243425,0.04115264537680437,0.011433994532580417,-0.022419553269970357,0.06367423382231144,0.0069099365840624375,-0.06641316158754709,0.013782068907032392
2017-02-28,0.030587572903509403,0.015440234635612211,0.027871203873777367,0.0281049367178169,0.021674338371117322,0.06052433247900104,0.21593835136368536,0.0012765002216709829,0.04188152764831527
2017-03-31,0.00731852478677018,0.027417773977625067,0.03575275564240038,0.032438871919417155,0.03561698685902881,-0.039888635511612036,-0.09167314337366182,-0.12442350296149464,-0.0046842682282443706
2017-04-30,0.017405932889844905,-0.006428365368636245,0.09742489414917292,0.014190117184934513,0.0,0.0,0.2575844450690229,0.0,0.03797909677041993
2017-05-31,0.054631011650250264,0.00665524321475969,0.044918510780900846,0.04184732633983594,0.027187809945636854,0.028965704006861225,0.6962409974601989,-0.03714201829333381,0.0905667289810842
2017-06-30,0.001553238822294637,-0.0027202661352713985,-0.03863845402818581,0.03090398195362202,0.03555531534074796,-0.006243250004234644,0.08503392413440936,0.08664204301628858,0.01749371038812448
2017-07-31,0.02227567304254954,0.03109319884290985,0.0293584480353737,0.024016985570233334,0.04888103651354525,-0.04300833002999152,0.15901285793055184,-0.07758658801319737,0.03300362630725419
2017-08-31,0.012065965053011602,0.06719181180849645,-0.005220043130691703,0.017273481424744584,0.046546897481225535,-0.08114644644439858,0.6357480890754347,0.02832316367981208,0.11333654085382293
2017-09-30,-0.016668890791822235,-0.00861182461486493,0.03578017479770044,-0.006445278218333393,0.0,0.0,-0.0775340938338642,0.0,-0.018847138022333124
2017-10-31,0.03255302924803275,0.02343487836574652,0.02901873255858622,0.03530504284653707,0.05214869354510099,0.11851663974811259,0.49084753678244825,-0.0022114044315064457,0.14509642359447264
2017-11-30,0.03597104738982745,-0.03631285197070006,-0.003394810925688103,0.03586321502777098,0.026566710639202018,-0.0003699434769716062,0.582083140226794,0.012105873902147355,0.1820209700408321
2017-12-31,-0.009115322531061634,-0.0030641694192278003,0.0016637496939943036,-0.0011989808404602388,0.0,0.0,0.38332836691394573,0.0,0.15188683868981762
2018-01-31,0.018893511744805646,0.06670252794788263,0.060830068880738164,0.03467886795287447,0.02076298919230202,0.04729316047974244,0.39252187345908957,0.2082148817435937,0.06754141484036108
2018-02-28,-0.03835110373883562,-0.04434410039643833,-0.03431036216385555,0.006415405267995758,0.019172701870437958,0.017979712590492934,-0.22049718435079585,0.19148199543359137,-0.002299937302451576
2018-03-31,-0.02253568445669455,0.05435369798840576,-0.022090657150761712,-0.0023464756609885913,0.0,0.0,-0.5206024653043586,0.0,-0.015436366995094371
2018-04-30,-0.016160174672520105,-0.004195998632480495,0.05879577822637696,-0.03654492101140205,-0.08064357821767543,0.004548820493016461,0.650818582924343,-0.1793100300629941,-0.022098597492911116
2018-05-31,-0.005186591359961466,0.06183325156303007,0.016563109447236664,0.006405037759134941,0.027161801520708684,-0.08472789278973057,-0.14213969852589467,0.009431331439082211,0.0013307499904292438
2018-06-30,0.023063236078584907,-0.023959461299979796,0.05449364206214355,-0.04155564578815137,0.0,0.0,-0.20661343308537522,0.0,-0.001393788358332101
2018-07-31,-0.0008804115453122482,-0.017736373665554216,-0.003172416847079971,-0.019251565886268602,-0.04955000383282749,0.010109664766883264,-0.023968290577428834,-0.11192275623407079,-0.022807173030550007
2018-08-31,0.036380510828979216,-0.019248071024672436,0.038872565592523015,0.005166243833557712,0.042983256016076776,-0.016315439680394287,-0.32030256307078825,-0.0212881140627935,0.005590588229959885
2018-09-30,0.001214835354269586,-0.09112455815084353,-0.019028483343002136,0.020170527974573974,0.0,0.0,-0.16006167622944245,0.0,-0.017366321939025486
2018-10-31,-0.07883219022579742,-0.08112104378679517,-0.1285444909591446,-0.09771166980126646,0.10690603804750998,0.04139478438596341,-0.13516011522324173,0.4980533474195966,0.0017870147860124252
2018-11-30,0.012827927625309687,0.07056066071116954,-0.037759235498951785,-0.029418127073628994,0.0769514347790039,0.016809385343423383,-0.41546011892907103,-0.14428325165747752,-0.010264360898764138
2018-12-31,-0.09055896547421198,-0.031470234248712974,-0.05246195134950339,-0.02909793506300063,0.07299336865496286,-0.013336466465574069,0.1304730346396797,0.26608069201312506,0.00948693170855315
2019-01-31,0.07154627399304968,0.036782124078005594,0.07642495178156385,0.039145549881782614,0.06731001098233635,0.017669916292753947,-0.1529513322283577,-0.2635468233750305,0.018978231178397517
2019-02-28,0.061123103943471514,0.004178922820727252,0.025931373235699048,0.0016904741550332024,0.1447358171596027,0.008798932969336514,0.21246604805959607,-0.06541379153430985,0.03655479679652607
2019-03-31,0.019390981700928872,-0.002511949796516601,0.0512254447488246,0.027043163538960337,0.0,0.0,0.045924317541268536,0.0,0.016149305093974296
2019-04-30,0.029488027369807737,-0.037705551397872274,0.03561871329311806,0.014000280072926087,-0.09438640704042922,-0.030130114100176995,0.2047210626312644,0.02255322726635125,-0.0021782293006136853
2019-05-31,0.0014171962460129716,-0.024210101572590795,-0.01099454949943091,-0.000670429048395915,-0.038561337075508906,-0.04089475582189687,0.6327879996990621,0.3226390915524617,0.02296683129771728
2019-06-30,0.08102305403348874,0.040255331025819255,0.031026013310236127,0.050253678465176935,0.0,0.0,0.1545440879875293,0.0,0.04186735671167074
2019-07-31,0.0017330225754367727,0.019147803634777336,-0.030152583506117128,0.029570955138481934,0.13891590326584513,-0.01921403911015204,-0.16974477817793712,-0.14957439366537717,-0.004482136955615527
2019-08-31,0.02484088633591067,-0.017547764306809537,-0.02748314883581863,-0.002798012163214361,0.0,0.0,-0.1303919494613684,0.0,-0.007210498436485392
2019-09-30,-0.03020181788664911,0.010428387136049854,0.017787518624553716,0.02625082450185539,0.0853739319449951,-0.020466298895864793,-0.054179412555210034,0.1486649909357057,0.016538240104952105
2019-10-31,-0.0036420936574865924,0.0630043356404952,0.05035292953965319,0.03588656927600485,0.06622593823459932,0.04839357210026463,0.06481777579159567,-0.13661337784342592,0.02735065723242204
2019-11-30,0.01552584051939691,-0.031002072812893532,0.06309448563478717,0.0035085372898901943,0.0,0.0,-0.17404703620772358,0.0,0.0023810811995519194
2019-12-31,0.009060326850590855,0.06829489080551832,0.0594664050708832,0.03100931984868836,0.08588817592678422,0.06504717635311914,-0.09950510605349012,-0.03271818763464515,0.039638274098103526
2020-01-31,0.04683853205747151,-0.0465765492175951,-0.011322489574762985,-0.013658619242683008,0.11971501295005778,-0.04944345378139288,0.35368671563136767,0.260901459396967,0.03627604299072028
2020-02-29,-0.08836469118825871,-0.07361251634311569,-0.05951919926883463,-0.10262363750112247,0.0,0.0,0.10401819096941031,0.0,-0.04704955110006913
2020-03-31,-0.09123092683061079,-0.1934837448901895,-0.22429739043311123,-0.0780852863479765,0.02354471367022761,-0.15943838943842012,-0.3468863452846843,1.0181438736454804,0.0018649339155523276
2020-04-30,0.10132303825200402,0.1974132452562051,0.1564967244125251,0.06510602279520546,-0.07614791267561638,-0.06651933612431055,0.47670613160303305,-0.3242948012969411,-0.017419507433116682
2020-05-31,0.05173298356712662,0.00436457481446516,0.08507844043812987,0.04155913421406713,0.0,0.0,0.10589295976897811,0.0,0.0300224554997457
2020-06-30,0.01776714334575717,0.04994308794425512,-0.00011474424839786717,0.0009462167460922965,0.02666125594669831,0.04710598150468644,-0.024820985732986984,-0.07555509658767628,0.005531546558174311
2020-07-31,0.056070444282876906,0.027732472769503882,0.09928984448092652,-0.03212283077934867,0.0962786337297014,0.04336471588021602,0.4321640129368723,-0.14897254061561838,0.034029955620387756
2020-08-31,0.04308286703758969,0.000684378836494165,0.06938629552141459,0.07204551152453782,0.02906528398369206,0.10113964296946104,0.194273739112626,0.07232295396239317,0.05991609722016433
2020-09-30,-0.014593994506515787,-0.041836674385341915,-0.00045384029336300983,0.0012020803353556895,0.0005570087328943473,0.03468034753446913,-0.14909709529388762,-0.002778108146573519,-0.013175924448902651
2020-10-31,-0.04375673990393534,-0.022285047109549812,-0.018135412642145098,-0.0015726707728698813,0.0,0.0,0.12845137565226275,0.0,-0.007868818553226964
2020-11-30,0.05953671262907358,0.15988075639673008,0.09687457679576751,0.11595818379063977,-0.00771234842887882,0.06743647906114944,0.5401542467487852,-0.1290267417364699,0.0812293224396933
2020-12-31,0.05322324631128,0.06385411736033458,0.09923140748209629,0.002230319977131812,0.040651171861745584,0.045176897242959826,0.2776195785525011,0.05888684309033181,0.07049372395616899
2021-01-31,0.02515607140844352,-0.038099718783352735,0.01948618711748308,-0.0004387830360449169,0.0,0.0,0.4453095789126397,0.0,0.012498964640890056
2021-02-28,-0.022358108167781842,-0.01928601151078165,-0.03142239535815086,-0.039283677880853726,0.0,0.0,0.19582901753898568,0.0,-0.009492203998013543
2021-03-31,0.020854462946583992,0.03722664782637429,0.033602604938957455,0.01727701310632138,-0.029009349271428335,0.07869358785206972,0.33131495553368673,0.0730327346560804,0.04481338515551704
2021-04-30,0.023709172540509558,0.019579066179862707,0.05271892174443212,0.031775152660358796,0.07484591534604494,0.09393314497634775,0.22939379886159292,-0.08743620947600868,0.043878839405079965
2021-05-31,0.01483075973543097,0.03850526247279013,0.06734995377864615,0.0009396910172116895,0.0,0.0,-0.1441688160227195,0.0,0.0071895455677040785
2021-06-30,0.060249613342539116,-0.007675625093791039,0.019868942056891627,-0.017150402104394846,-0.027252015474816642,0.015627913878995172,-0.1340078419180625,-0.0685448027299926,-0.0052617552257787715
2021-07-31,0.031406518291512885,-0.0436379636787391,0.07980564799095373,-0.02472215790242561,0.0,0.0,0.13714194042453856,0.0,0.01464576266036582
2021-08-31,0.04667509417635527,0.07012618011744223,0.012181708499002483,0.019446815792723,-0.03612867582594571,-0.062442134242518536,0.2839490065833474,0.02037484555130899,0.022674612709983076
2021-09-30,-0.07440814867529698,-0.0324570551076154,-0.09735768463010201,0.013046883669996501,-0.1140388901144858,0.056416347320380915,-0.11065976547853827,0.1269163209391872,-0.03099525776951839
2021-10-31,0.102428990235456,0.004775154675772261,0.0012389279101768169,-0.033330184546982854,0.0,0.0,0.4203023648570083,0.0,0.03893281768346804
2021-11-30,0.04370162775918972,-0.01606177873378021,0.01647105489097755,-0.01779089249492209,-0.031037354497874464,0.01805439201113288,0.03680329056270999,0.23730179277451524,0.03250210861262139
2021-12-31,0.03347436749805725,0.017129775178813582,0.05776357734482323,-0.0007200100962965954,0.06028682784206515,0.0028924455103802042,-0.2004354796294468,-0.18660603684086458,-0.016708701487158004
2022-01-31,,,,,,,,,
2022-02-28,,,,,,,,,
2022-03-31,,,,,,,,,
2022-04-30,,,,,,,,,
2022-05-31,,,,,,,,,
2022-06-30,,,,,,,,,
2022-07-31,,,,,,,,,
2022-08-31,,,,,,,,,
2022-09-30,,,,,,,,,
2022-10-31,,,,,,,,,
2022-11-30,,,,,,,,,
2022-12-31,,,,,,,,,
